date,action,status,next_step,notes,owner
2025-11-15,email_drafted,complete,send_email,"Corrected version with no hallucinations (briacell_email_FIXED.md)",Commander
2025-11-15,1pager_corrected,complete,export_pdf,"General1Page_CORRECTED.tsx ready - bulletproof version",Commander
2025-11-15,command_center_setup,complete,populate_tracking,"Directory structure operational",Commander
2025-11-XX,send_cold_email,pending,await_response,"Send corrected email with 1-pager PDF attachment",Commander
2025-11-XX,follow_up_day3,pending,send,"Soft reminder if no response",Commander
2025-11-XX,follow_up_day7,pending,send,"Value-add content (additional resource)",Commander
2025-11-XX,discovery_call,pending,schedule,"20-min call to discuss patient stratification",Commander
2025-11-XX,free_pilot_proposal,pending,send,"20-patient retrospective analysis (proof-of-concept)",Commander
2025-11-XX,discovery_call_completed,pending,send_paid_proposal,"Present $250K pilot for 50-100 patients",Commander


