gene,chrom,pos,ref,alt,clin_sig,review_status,variation_id,rcv_accession,protein_change
KRAS,12,25245351,C,G,Pathogenic/Likely_pathogenic,"criteria provided, multiple submitters, no conflicts",12579,RCV000013408|RCV000013407|RCV000154401|RCV001356365|RCV002513010|RCV004813033|RCV004668722,
KRAS,12,25245347,C,T,Pathogenic,"criteria provided, multiple submitters, no conflicts",12580,RCV000013409|RCV000038269|RCV000144967|RCV000144968|RCV001526657|RCV001857340|RCV004549358|RCV001092389|RCV001266168|RCV000791297|RCV004668723|RCV001813183|RCV001839444|RCV004813034,
KRAS,12,25245350,C,T,Pathogenic/Likely_pathogenic,"criteria provided, multiple submitters, no conflicts",12582,RCV000013411|RCV000022799|RCV000029214|RCV000029215|RCV000144969|RCV000144970|RCV000150896|RCV000150897|RCV000548006|RCV000585796|RCV000662266|RCV000272938|RCV000433573|RCV005007840|RCV000856666|RCV001839445|RCV004554600|RCV004668724|RCV001799604|RCV002508117|RCV003327361|RCV004018620|RCV005251035,
KRAS,12,25245350,C,A,Pathogenic,"criteria provided, multiple submitters, no conflicts",12583,RCV000013413|RCV000029216|RCV000150895|RCV000154262|RCV000157944|RCV003455987|RCV004668725|RCV000585801|RCV002291496|RCV003322589|RCV003539760,
KRAS,12,25245351,C,T,Pathogenic,"criteria provided, multiple submitters, no conflicts",12584,RCV000013414|RCV000119790|RCV000038264|RCV000144971|RCV000782191|RCV001851824|RCV004562205|RCV004668726|RCV004795403,
KRAS,12,25227346,C,G,Pathogenic,reviewed by expert panel,12586,RCV000013416|RCV000157935|RCV000254661|RCV000521390|RCV003313917|RCV000844635|RCV001267316|RCV005252123,
KRAS,12,25209904,T,A,Pathogenic,reviewed by expert panel,12587,RCV000013418|RCV000013417|RCV000157940|RCV000212501|RCV000844634|RCV000507330|RCV000763307|RCV003450634|RCV004018621,
KRAS,12,25227351,G,A,Pathogenic,reviewed by expert panel,12588,RCV000013419|RCV000157933|RCV000211785|RCV000704828,
KRAS,12,25245345,C,T,Pathogenic,reviewed by expert panel,12589,RCV000013420|RCV000212499|RCV000119792|RCV000157945|RCV000844637|RCV001266727|RCV001813184,
KRAS,12,25245284,G,C,Pathogenic/Likely_pathogenic,"criteria provided, multiple submitters, no conflicts",12590,RCV000043674|RCV000207495|RCV000211723|RCV000850569|RCV001851825|RCV005252679,
KRAS,12,25227160,A,C,Benign,"criteria provided, multiple submitters, no conflicts",1253268,RCV001650730,
KRAS,12,25227137,T,G,Benign,"criteria provided, multiple submitters, no conflicts",1263524,RCV001672341,
KRAS,12,25227137,T,A,Benign,"criteria provided, multiple submitters, no conflicts",1279239,RCV001690960,
KRAS,12,25225522,T,C,Benign,"criteria provided, multiple submitters, no conflicts",1247750,RCV001649711,
KRAS,12,25209920,C,T,Benign,"criteria provided, multiple submitters, no conflicts",40464,RCV000038272|RCV000299618|RCV000477053|RCV001573230,
KRAS,12,25209618,A,C,Benign/Likely_benign,"criteria provided, multiple submitters, no conflicts",40467,RCV000382642|RCV001520594|RCV000860174|RCV001813239,
KRAS,12,25209843,A,G,Benign,reviewed by expert panel,41449,RCV000038277|RCV000378737|RCV000522387|RCV000680290|RCV002336109,
KRAS,12,25245361,T,C,Likely_benign,reviewed by expert panel,45119,RCV000038261|RCV000521225|RCV000994879|RCV002477100|RCV002426568,
KRAS,12,25215528,T,T,Benign,"criteria provided, multiple submitters, no conflicts",46538,RCV000039808|RCV000149847|RCV001811280|RCV002336141,
KRAS,12,25215476,C,T,Benign/Likely_benign,"criteria provided, multiple submitters, no conflicts",46540,RCV000039810|RCV000587678|RCV004018896|RCV004549474,
NRAS,1,114716124,C,G,Likely_pathogenic,"criteria provided, multiple submitters, no conflicts",13899,RCV000014913|RCV000114743|RCV000438070|RCV001781267|RCV005251038|RCV004767008,
NRAS,1,114713908,T,C,Pathogenic,"criteria provided, multiple submitters, no conflicts",13900,RCV000014914|RCV000032847|RCV000114744|RCV000114745|RCV000037574|RCV000413804|RCV000148032|RCV003992155|RCV004668730|RCV005603586|RCV005251039|RCV005604774,
NRAS,1,114716123,C,T,Pathogenic/Likely_pathogenic,"criteria provided, multiple submitters, no conflicts",13901,RCV000014915|RCV000022690|RCV000144962|RCV000157672|RCV001293767|RCV005089258|RCV005229792,
NRAS,1,114713941,G,A,Pathogenic,reviewed by expert panel,13902,RCV000014916|RCV000211835|RCV000208537|RCV000463185,
NRAS,1,114713911,C,T,Pathogenic,reviewed by expert panel,13903,RCV000014917|RCV000208552|RCV000158982|RCV001382056|RCV003415702|RCV004984642,
NRAS,1,114716126,C,T,Pathogenic/Likely_pathogenic,"criteria provided, multiple submitters, no conflicts",39648,RCV000144963|RCV000032849|RCV000158980|RCV003415756|RCV004018703|RCV001852659|RCV001781333|RCV001813214|RCV005603591|RCV003221788,
NRAS,1,114716127,C,G,Pathogenic,"criteria provided, multiple submitters, no conflicts",40469,RCV000158985|RCV001526619|RCV001781335,
NRAS,1,114716126,C,A,Pathogenic/Likely_pathogenic,"criteria provided, multiple submitters, no conflicts",40470,RCV000037576|RCV000158986|RCV001377735|RCV004668746|RCV005603592,
NRAS,1,114716127,C,T,Pathogenic,reviewed by expert panel,177778,RCV000158978|RCV001066799|RCV000212761|RCV005229987|RCV001813397|RCV003998247|RCV005603601,
NRAS,1,114716126,C,G,Pathogenic/Likely_pathogenic,"criteria provided, multiple submitters, no conflicts",219097,RCV000203450|RCV000380895|RCV001324275|RCV001813426|RCV005603610,
NRAS,1,114709659,C,T,Likely_benign,reviewed by expert panel,40476,RCV000037577|RCV000587570|RCV001100796|RCV001080827|RCV001813240|RCV002453281,
NRAS,1,114709736,C,T,Likely_benign,reviewed by expert panel,44575,RCV000037575|RCV000862599|RCV001707515,
NRAS,1,114713986,T,C,Likely_benign,reviewed by expert panel,138538,RCV000127228|RCV000588495|RCV001101050|RCV001089307|RCV003905211|RCV001813388,
NRAS,1,114716690,T,C,Benign/Likely_benign,"criteria provided, multiple submitters, no conflicts",138539,RCV000127229|RCV000377346|RCV004710538,
NRAS,1,114713865,G,A,Benign/Likely_benign,"criteria provided, multiple submitters, no conflicts",178104,RCV000154799|RCV000157673|RCV000320449|RCV001086742|RCV003952766|RCV002444638,
NRAS,1,114713931,C,T,Benign,reviewed by expert panel,164807,RCV000151574|RCV000534894|RCV003952724|RCV001594857|RCV004019821,
NRAS,1,114705432,C,T,Benign,"criteria provided, multiple submitters, no conflicts",291954,RCV000272399|RCV004713502,
NRAS,1,114707678,T,G,Likely_benign,"criteria provided, multiple submitters, no conflicts",291972,RCV000313412|RCV004710701,
NRAS,1,114716848,A,T,Likely_benign,"criteria provided, multiple submitters, no conflicts",291980,RCV000288966|RCV001582914,
NRAS,1,114705427,A,G,Benign,"criteria provided, multiple submitters, no conflicts",291953,RCV000364455|RCV004714647,
BRAF,7,140781617,C,T,Pathogenic,reviewed by expert panel,13964,RCV000014997|RCV000033304|RCV000207512|RCV000844618|RCV001261044,
BRAF,7,140801536,C,G,Pathogenic,reviewed by expert panel,13965,RCV000014998|RCV000033285|RCV000208416|RCV000235118|RCV000678900|RCV001047900|RCV003150930|RCV003338381,
BRAF,7,140753346,G,C,Pathogenic,"criteria provided, multiple submitters, no conflicts",13969,RCV000015003|RCV000030948|RCV000033333|RCV000208539|RCV000505705|RCV001813207|RCV002271369|RCV002513056|RCV005222683,
BRAF,7,140781603,C,G,Pathogenic/Likely_pathogenic,"criteria provided, multiple submitters, no conflicts",13970,RCV000015004|RCV000033306|RCV001778653,
BRAF,7,140801502,T,C,Pathogenic,reviewed by expert panel,13973,RCV000015007|RCV000033289|RCV000080904|RCV000208766|RCV001027771|RCV001813208|RCV001813744|RCV004018628|RCV001261967|RCV003224098|RCV001329219|RCV004752707,
BRAF,7,140781602,C,T,Pathogenic,reviewed by expert panel,13974,RCV000015008|RCV000033307|RCV000212152|RCV000506575|RCV000211748|RCV001813209|RCV003450641|RCV002287336,
BRAF,7,140778053,C,G,Pathogenic,reviewed by expert panel,13975,RCV000015009|RCV000208764|RCV000211749|RCV000680805|RCV001849264|RCV003415705|RCV004018629|RCV001172276,
BRAF,7,140778013,T,C,Pathogenic/Likely_pathogenic,"criteria provided, multiple submitters, no conflicts",13976,RCV000015010|RCV000207517|RCV000779848|RCV001813210|RCV004795412,
BRAF,7,140778007,C,T,Pathogenic/Likely_pathogenic,"criteria provided, multiple submitters, no conflicts",13977,RCV000015011|RCV000033315|RCV000207513|RCV000844616|RCV004018630,
BRAF,7,140778006,T,C,Pathogenic/Likely_pathogenic,"criteria provided, multiple submitters, no conflicts",13978,RCV000015012|RCV000211750|RCV000414915|RCV000207518|RCV001273349|RCV000808147,
BRAF,7,140924668,C,T,Benign,reviewed by expert panel,40333,RCV000033265|RCV000283347|RCV000380281|RCV000590400|RCV001813215|RCV002345261|RCV003944862,
BRAF,7,140924640,C,T,Benign,reviewed by expert panel,40335,RCV000037950|RCV000590699|RCV000520051|RCV000853030|RCV001160946|RCV001160947|RCV001813216|RCV002354178|RCV003904885,
BRAF,7,140924626,C,A,Benign/Likely_benign,"criteria provided, multiple submitters, no conflicts",40337,RCV000033269|RCV000037961|RCV000224291|RCV000289594|RCV000381670|RCV000659284|RCV001813217|RCV001095196|RCV002415445,
BRAF,7,140834714,T,C,Benign/Likely_benign,"criteria provided, multiple submitters, no conflicts",40342,RCV000033275|RCV000779847|RCV001719716|RCV002371806|RCV002496496,
BRAF,7,140808137,A,T,Benign,"criteria provided, multiple submitters, no conflicts",40344,RCV001539957,
BRAF,7,140801621,C,T,Benign,"criteria provided, multiple submitters, no conflicts",1292353,RCV001717064,
BRAF,7,140800335,C,T,Benign,"criteria provided, multiple submitters, no conflicts",40354,RCV000243784|RCV001538574,
BRAF,7,140787694,C,T,Benign/Likely_benign,"criteria provided, multiple submitters, no conflicts",1270731,RCV001680252,
BRAF,7,140783108,T,C,Benign,reviewed by expert panel,40360,RCV000033298|RCV000037908|RCV000290490|RCV000349078|RCV002362605|RCV000680284|RCV001813218,
BRAF,7,140781711,A,C,Benign,"criteria provided, multiple submitters, no conflicts",40361,RCV000157664|RCV002054535|RCV003736547|RCV002482940,
TP53,17,7674221,G,A,Pathogenic,reviewed by expert panel,12347,RCV000013140|RCV000213057|RCV000168242|RCV000115735|RCV000438698|RCV000785485|RCV001255674|RCV003318332|RCV003460463|RCV001271100|RCV001374442|RCV003149569|RCV003105772|RCV003162243|RCV005357116|RCV004745154,
TP53,17,7674191,C,T,Pathogenic/Likely_pathogenic,"criteria provided, multiple submitters, no conflicts",12348,RCV000013141|RCV000161071|RCV000582699|RCV000772122|RCV000785291|RCV000792895,
TP53,17,7674230,C,A,Pathogenic,"criteria provided, multiple submitters, no conflicts",12349,RCV000013142|RCV000161025|RCV000633397|RCV000492412|RCV001271056|RCV004668714,
TP53,17,7674216,C,A,Pathogenic/Likely_pathogenic,"criteria provided, multiple submitters, no conflicts",12352,RCV000013145|RCV000013146|RCV000464372|RCV000579519|RCV000785491|RCV001270276|RCV001562247|RCV004018617|RCV003996089|RCV005229780,
TP53,17,7675143,C,A,Pathogenic/Likely_pathogenic,"criteria provided, multiple submitters, no conflicts",12353,RCV000013147|RCV000566103|RCV000794324|RCV000785500|RCV004668716|RCV001823095|RCV003128570|RCV005229781,
TP53,17,7674238,C,T,Pathogenic/Likely_pathogenic,"criteria provided, multiple submitters, no conflicts",12354,RCV000013148|RCV000129809|RCV000231770|RCV000785282|RCV002288484|RCV003314552|RCV002247332,
TP53,17,7674229,C,T,Pathogenic/Likely_pathogenic,"criteria provided, multiple submitters, no conflicts",12355,RCV000013149|RCV000206683|RCV000164465|RCV000785472|RCV000986053|RCV003473082,
TP53,17,7674220,C,T,Pathogenic,reviewed by expert panel,12356,RCV000013150|RCV000115736|RCV000148913|RCV000235221|RCV000197114|RCV000424869|RCV000426606|RCV000763417|RCV000790860|RCV000785344|RCV001255671|RCV001257519|RCV001270275|RCV001554245|RCV001527465|RCV003162244|RCV003332079|RCV003466852|RCV004745155|RCV003996090|RCV004794335|RCV004813032|RCV005016259,
TP53,17,7675214,A,G,Pathogenic,"criteria provided, multiple submitters, no conflicts",12357,RCV000013151|RCV000492130|RCV001383051|RCV004786255,
TP53,17,7673806,C,A,Pathogenic/Likely_pathogenic,"criteria provided, multiple submitters, no conflicts",12358,RCV000013152|RCV000164988|RCV001221969,
TP53,17,7676154,G,C,Benign,"criteria provided, multiple submitters, no conflicts",12351,RCV000013144|RCV000034639|RCV000132165|RCV000144668|RCV000079202|RCV000300782|RCV002225263|RCV001255631|RCV002496335|RCV002510562|RCV004668715,
TP53,17,7676230,G,A,Benign,reviewed by expert panel,43588,RCV000036530|RCV000131567|RCV000172826|RCV000590436|RCV000991144|RCV001355028|RCV002225273|RCV002496568|RCV003149630,
TP53,17,7674892,T,C,Benign,"criteria provided, multiple submitters, no conflicts",43591,RCV000036533|RCV000162403|RCV000206135|RCV000203086|RCV001357034|RCV001572845|RCV002307374,
TP53,17,7670616,G,A,Likely_benign,reviewed by expert panel,80708,RCV003894916|RCV000129635|RCV001358057|RCV000701624|RCV001127281,
TP53,17,7673523,A,G,Benign/Likely_benign,"criteria provided, multiple submitters, no conflicts",93325,RCV000079206|RCV000130599|RCV000610122|RCV001650902|RCV002225283|RCV001518058|RCV001357901|RCV001798278,
TP53,17,7676567,C,T,Benign,reviewed by expert panel,127806,RCV000115717|RCV000203717|RCV000235217|RCV000662410|RCV000989729|RCV000781916|RCV003905099,
TP53,17,7676040,C,T,Likely_benign,reviewed by expert panel,127808,RCV000115719|RCV000122182|RCV000228299|RCV000409407|RCV000589869|RCV001358219|RCV004745188,
TP53,17,7674959,G,C,Likely_benign,reviewed by expert panel,127816,RCV000122174|RCV000205751|RCV000219468|RCV000662561|RCV000766937,
TP53,17,7674259,T,C,Benign,reviewed by expert panel,127821,RCV000115733|RCV000122177|RCV000148915|RCV000590586|RCV000663295|RCV000989714|RCV000991139|RCV003952552|RCV001798339,
TP53,17,7673773,G,A,Likely_benign,reviewed by expert panel,127824,RCV000115739|RCV000122178|RCV000200641|RCV000238755|RCV000148912|RCV001357872|RCV000585912|RCV002477279|RCV004776274,
PIK3CA,3,179234297,A,G,Pathogenic,reviewed by expert panel,13652,RCV000014624|RCV000014626|RCV000014627|RCV000014628|RCV000014622|RCV000014623|RCV000024621|RCV000154516|RCV000201231|RCV000438435|RCV000487449|RCV000709691|RCV001092442|RCV001255686|RCV001327968|RCV001728091|RCV001729349|RCV001730472|RCV001705589|RCV001705590|RCV001807727|RCV001836707|RCV001526648|RCV002508124|RCV003128082|RCV003325939|RCV004527290|RCV004527291|RCV004737153|RCV005051734,
PIK3CA,3,179234297,A,T,Pathogenic,"criteria provided, multiple submitters, no conflicts",13653,RCV000014629|RCV000201235|RCV000032905|RCV000626894|RCV000422323|RCV000709692|RCV000987367|RCV001253236|RCV001728092|RCV001526597|RCV002254265|RCV001807728|RCV004527292|RCV004668728|RCV004649064,
PIK3CA,3,179218303,G,A,Pathogenic/Likely_pathogenic,"criteria provided, multiple submitters, no conflicts",13655,RCV000014633|RCV000014636|RCV000014631|RCV000014632|RCV000038671|RCV000055930|RCV000119356|RCV000422210|RCV001092440|RCV001262721|RCV001327963|RCV001290591|RCV001730473|RCV001705591|RCV001374447|RCV001786329|RCV002508125|RCV003764575|RCV004527293|RCV004527294|RCV004527295|RCV004668729|RCV004698419,
PIK3CA,3,179218294,G,A,Pathogenic,reviewed by expert panel,31944,RCV000024622|RCV000151649|RCV000154513|RCV000416776|RCV000709693|RCV001255687|RCV001728093|RCV001327962|RCV001730477|RCV001836714|RCV003987334|RCV004532404|RCV002513230|RCV004698785|RCV003764635|RCV004527296|RCV003458190|RCV004668742,
PIK3CA,3,179210192,T,C,Pathogenic,"criteria provided, multiple submitters, no conflicts",31945,RCV000024623|RCV000201232|RCV000154512|RCV000709694|RCV001327960|RCV001526612|RCV004527297|RCV001705599|RCV005603590|RCV002054475|RCV003588566|RCV004668743,
PIK3CA,3,179230077,G,A,Pathogenic,reviewed by expert panel,39703,RCV000032907|RCV000414672|RCV001327966|RCV001836717|RCV003233078|RCV001594376|RCV004798751|RCV004737167|RCV004955261|RCV005222712|RCV001852661|RCV002254272|RCV002274888,
PIK3CA,3,179204576,G,A,Pathogenic,"criteria provided, multiple submitters, no conflicts",39704,RCV000032908|RCV000201233|RCV000806643|RCV005229840|RCV005241335|RCV004532477,
PIK3CA,3,179234296,C,T,Pathogenic,"criteria provided, multiple submitters, no conflicts",39705,RCV000032909|RCV000038675|RCV000698423|RCV000763508|RCV001092441|RCV001705625|RCV003233079|RCV002226661|RCV003882732|RCV004698336|RCV004955262,
PIK3CA,3,179218307,A,G,Pathogenic,"criteria provided, multiple submitters, no conflicts",45466,RCV000038672|RCV001327965|RCV004668762|RCV003458193|RCV002254273,
PIK3CA,3,179234230,A,G,Pathogenic/Likely_pathogenic,"criteria provided, multiple submitters, no conflicts",45467,RCV000038673|RCV002254274|RCV003458194|RCV001526503,
PIK3CA,3,179234232,C,T,Benign/Likely_benign,"criteria provided, multiple submitters, no conflicts",45468,RCV000038674|RCV000469313|RCV001541434|RCV003315570,
PIK3CA,3,179209622,A,G,Benign,reviewed by expert panel,135038,RCV000121811|RCV001682835|RCV001725125|RCV004668785|RCV001517745|RCV003315764,
PIK3CA,3,179199700,C,T,Benign/Likely_benign,"criteria provided, multiple submitters, no conflicts",220946,RCV000206083|RCV001579917|RCV001711361|RCV003316147|RCV004530242|RCV002453746,
PIK3CA,3,179219152,C,A,Benign/Likely_benign,"criteria provided, multiple submitters, no conflicts",223914,RCV000209425|RCV003316158|RCV001682919,
PIK3CA,3,179234393,T,C,Benign,"criteria provided, multiple submitters, no conflicts",246606,RCV000235680|RCV000998164|RCV004535201,
PIK3CA,3,179219562,C,T,Benign/Likely_benign,"criteria provided, multiple submitters, no conflicts",246679,RCV000235538|RCV000987360|RCV001689764,
PIK3CA,3,179203786,T,C,Likely_benign,"criteria provided, multiple submitters, no conflicts",246680,RCV000658981|RCV001086660|RCV002411077|RCV003316315|RCV004535202,
PIK3CA,3,179199038,A,G,Likely_benign,"criteria provided, multiple submitters, no conflicts",246683,RCV001457698|RCV003298311,
PIK3CA,3,179221151,A,T,Benign/Likely_benign,"criteria provided, multiple submitters, no conflicts",246684,RCV000237071|RCV001538365|RCV002429160|RCV003316316,
PIK3CA,3,179224703,T,G,Benign/Likely_benign,"criteria provided, multiple submitters, no conflicts",246686,RCV000236279|RCV001579833|RCV001582799|RCV002446468|RCV005235204,
FGFR3,4,1804392,G,A,Pathogenic,"criteria provided, multiple submitters, no conflicts",16327,RCV000017724|RCV000029207|RCV000763121|RCV000255750|RCV001807732|RCV002276551|RCV005209487|RCV001266979|RCV003227605|RCV004545731|RCV004798732|RCV004783725,
FGFR3,4,1804392,G,C,Pathogenic,"criteria provided, multiple submitters, no conflicts",16328,RCV000017725|RCV000727147|RCV000987394|RCV004532375|RCV004795424,
FGFR3,4,1804426,C,A,Pathogenic,"criteria provided, multiple submitters, no conflicts",16329,RCV000194803|RCV000017726|RCV000414319|RCV000623005,
FGFR3,4,1806162,A,G,Pathogenic,"criteria provided, multiple submitters, no conflicts",16331,RCV000017730|RCV000017729|RCV000017728|RCV004532376|RCV000255799|RCV003234912|RCV003317039|RCV003155029|RCV005031441,
FGFR3,4,1801837,C,T,Pathogenic,"criteria provided, multiple submitters, no conflicts",16332,RCV000017731|RCV000017732|RCV000017733|RCV000017734|RCV000017735|RCV000327823|RCV000414822|RCV001196297|RCV001804739|RCV002276552|RCV001526641|RCV001849270|RCV003388567|RCV003155030|RCV003332082|RCV004798733|RCV004795425|RCV000763118|RCV002243648|RCV005025063,
FGFR3,4,1804365,A,T,Pathogenic,"criteria provided, multiple submitters, no conflicts",16333,RCV000017736|RCV000757295|RCV001528646,
FGFR3,4,1807260,T,G,Pathogenic,"criteria provided, multiple submitters, no conflicts",16334,RCV000017737|RCV000493112|RCV003155031,
FGFR3,4,1807260,T,A,Pathogenic,"criteria provided, multiple submitters, no conflicts",16335,RCV000017738|RCV000520562|RCV002504801,
FGFR3,4,1805644,C,A,Pathogenic,"criteria provided, multiple submitters, no conflicts",16337,RCV000017740|RCV000255928|RCV000353403|RCV002273932|RCV004786271|RCV004541008,
FGFR3,4,1805644,C,G,Pathogenic/Likely_pathogenic,"criteria provided, multiple submitters, no conflicts",16338,RCV000017741|RCV000255372|RCV000415460|RCV000622950|RCV000763122|RCV001332222|RCV001804740|RCV002276553|RCV004737156|RCV005411260,
FGFR3,4,1806149,C,T,Benign/Likely_benign,"criteria provided, multiple submitters, no conflicts",132959,RCV000119361|RCV002483203|RCV001650977,
FGFR3,4,1799274,G,A,Benign/Likely_benign,"criteria provided, multiple submitters, no conflicts",134397,RCV000121071|RCV000641214|RCV002517590,
FGFR3,4,1799313,G,A,Benign/Likely_benign,"criteria provided, multiple submitters, no conflicts",134398,RCV000121072|RCV001650979,
FGFR3,4,1799337,G,A,Benign/Likely_benign,"criteria provided, multiple submitters, no conflicts",134399,RCV000121073|RCV001668274,
FGFR3,4,1804404,T,C,Benign/Likely_benign,"criteria provided, multiple submitters, no conflicts",134404,RCV000121079|RCV000987395|RCV000442867|RCV002277184|RCV002483215,
FGFR3,4,1806664,G,A,Benign/Likely_benign,"criteria provided, multiple submitters, no conflicts",134408,RCV000121083|RCV000419889|RCV004530001,
FGFR3,4,1804902,C,T,Benign/Likely_benign,"criteria provided, multiple submitters, no conflicts",134409,RCV000121084|RCV000437628|RCV000987396|RCV002277185,
FGFR3,4,1804906,C,T,Benign/Likely_benign,"criteria provided, multiple submitters, no conflicts",134410,RCV000121085|RCV000755538,
FGFR3,4,1799492,C,T,Benign/Likely_benign,"criteria provided, multiple submitters, no conflicts",196220,RCV000176993|RCV002277385|RCV001573046|RCV002492768,
FGFR3,4,1801524,T,C,Benign,"criteria provided, multiple submitters, no conflicts",197628,RCV000178712|RCV002228791,
MAP2K1,15,66435104,T,C,Likely_pathogenic,reviewed by expert panel,13350,RCV000014278|RCV000158002|RCV000520164|RCV004760331,
MAP2K1,15,66436843,A,G,Pathogenic,reviewed by expert panel,13351,RCV000043672|RCV000208757|RCV000763362|RCV000207506|RCV004532347|RCV000541525|RCV001197351|RCV003450638|RCV004984640|RCV005229789,
MAP2K1,15,66436837,G,T,Pathogenic/Likely_pathogenic,"criteria provided, multiple submitters, no conflicts",13352,RCV000043673|RCV000211725|RCV000207493|RCV001234104,
MAP2K1,15,66436825,C,T,Pathogenic/Likely_pathogenic,"criteria provided, multiple submitters, no conflicts",40744,RCV000037595|RCV001542689|RCV000680623|RCV002513329|RCV001813306,
MAP2K1,15,66436842,T,C,Likely_pathogenic,reviewed by expert panel,40747,RCV000037596|RCV000623628|RCV001811234,
MAP2K1,15,66435115,A,C,Likely_pathogenic,reviewed by expert panel,40779,RCV000037591|RCV000158014,
MAP2K1,15,66435145,G,A,Pathogenic,reviewed by expert panel,40781,RCV000192193|RCV000158004|RCV000212506|RCV000208771|RCV001095724|RCV003224114|RCV000844673|RCV002415455|RCV000754677|RCV004760352,
MAP2K1,15,66435221,T,G,Pathogenic,reviewed by expert panel,44588,RCV000158005|RCV000522848|RCV001813322|RCV004760354,
MAP2K1,15,66481794,A,G,Pathogenic,reviewed by expert panel,167260,RCV000153454|RCV000824938|RCV001250390,
MAP2K1,15,66435117,G,T,Pathogenic,"criteria provided, multiple submitters, no conflicts",223140,RCV000208748|RCV002051691|RCV002254287|RCV005251094,
MAP2K1,15,66387263,G,C,Benign,"criteria provided, multiple submitters, no conflicts",1286889,RCV001708514,
MAP2K1,15,66387346,A,G,Benign,"criteria provided, multiple submitters, no conflicts",40738,RCV000080030|RCV002433489|RCV000860593|RCV002513328|RCV001813303,
MAP2K1,15,66387353,C,T,Benign/Likely_benign,"criteria provided, multiple submitters, no conflicts",40739,RCV000037598|RCV000525445|RCV001813304|RCV001636615|RCV002371810,
MAP2K1,15,66436850,G,A,Benign/Likely_benign,"criteria provided, multiple submitters, no conflicts",40748,RCV000195548|RCV003298039|RCV001682723,
MAP2K1,15,66436912,C,T,Benign,"criteria provided, multiple submitters, no conflicts",40749,RCV000157670|RCV001668149|RCV001775547|RCV002054547,
MAP2K1,15,66443213,C,T,Benign,"criteria provided, multiple submitters, no conflicts",1224838,RCV001608296,
MAP2K1,15,66443272,G,A,Benign/Likely_benign,"criteria provided, multiple submitters, no conflicts",40751,RCV000215465|RCV001682724|RCV001460330|RCV004532501,
MAP2K1,15,66485007,G,A,Benign,reviewed by expert panel,40754,RCV000037599|RCV000205637|RCV001705632|RCV002371811|RCV001813307,
MAP2K1,15,66485144,C,T,Benign,reviewed by expert panel,40756,RCV000037602|RCV000519375|RCV001719721|RCV004532502|RCV004018723,
MAP2K1,15,66487232,C,T,Benign/Likely_benign,"criteria provided, multiple submitters, no conflicts",1260568,RCV001669385|RCV002073141|RCV002370259,
NF1,17,31258500,A,G,Pathogenic,"criteria provided, multiple submitters, no conflicts",336,RCV000000364|RCV000626644|RCV000489593|RCV000762990|RCV002305424|RCV003460397|RCV002310992|RCV004798706,
NF1,17,31334927,C,T,Pathogenic,"criteria provided, multiple submitters, no conflicts",343,RCV000000371|RCV000492774|RCV000762995|RCV003460398|RCV004562178|RCV004668704|RCV000418287|RCV004558221|RCV001009602|RCV004547450,
NF1,17,31249093,C,T,Pathogenic,"criteria provided, multiple submitters, no conflicts",344,RCV000000372|RCV000483061|RCV000492495|RCV002504730,
NF1,17,31230383,G,A,Pathogenic,"criteria provided, multiple submitters, no conflicts",345,RCV000000373|RCV000680818|RCV001009591|RCV001018701|RCV002381233|RCV004547451,
NF1,17,31258406,A,T,Pathogenic/Likely_pathogenic,"criteria provided, multiple submitters, no conflicts",348,RCV000000376|RCV001810827|RCV002326656,
NF1,17,31261810,G,A,Pathogenic,"criteria provided, multiple submitters, no conflicts",350,RCV000000378|RCV000660063|RCV001007974,
NF1,17,31221842,A,G,Pathogenic,"criteria provided, multiple submitters, no conflicts",352,RCV000000380|RCV000190422,
NF1,17,31235729,G,C,Pathogenic/Likely_pathogenic,"criteria provided, multiple submitters, no conflicts",353,RCV000000381|RCV002267796|RCV002354143,
NF1,17,31214524,A,G,Pathogenic,"criteria provided, multiple submitters, no conflicts",354,RCV000000382|RCV000492667|RCV000757556|RCV001009573|RCV001257527|RCV001813925|RCV002504731|RCV004737131|RCV003460400|RCV004783716,
NF1,17,31201486,G,A,Pathogenic,"criteria provided, multiple submitters, no conflicts",356,RCV000000384|RCV001547975,
NF1,17,31326019,A,G,Benign/Likely_benign,"criteria provided, multiple submitters, no conflicts",41672,RCV000034584|RCV000121634|RCV000168431|RCV000129642|RCV000305917|RCV000345616|RCV000360704|RCV002490459,
NF1,17,31352394,C,T,Benign/Likely_benign,"criteria provided, multiple submitters, no conflicts",41678,RCV000034590|RCV000130730|RCV000989823|RCV000480111|RCV002390138|RCV001122667|RCV001122668|RCV001122669|RCV005394199,
NF1,17,31225182,A,G,Benign/Likely_benign,"criteria provided, multiple submitters, no conflicts",134880,RCV000121627|RCV000130724|RCV000206514|RCV000286004|RCV000301396|RCV000341061|RCV000680336|RCV002492433,
NF1,17,31163353,A,G,Likely_benign,"criteria provided, multiple submitters, no conflicts",134886,RCV000121635|RCV000223487|RCV000233135|RCV001538321,
NF1,17,31352330,G,C,Benign/Likely_benign,"criteria provided, multiple submitters, no conflicts",134889,RCV000121639|RCV000130554|RCV000680358|RCV001082666|RCV002498574|RCV004551188|RCV004558316,
NF1,17,31359006,G,A,Benign/Likely_benign,"criteria provided, multiple submitters, no conflicts",141033,RCV000129364|RCV000206206|RCV000216274|RCV000310315|RCV000590571|RCV000270629|RCV000362723|RCV005394469,
NF1,17,31163237,C,T,Benign/Likely_benign,"criteria provided, multiple submitters, no conflicts",141237,RCV000129656|RCV000198193|RCV000244766|RCV000311849|RCV000315541|RCV000398971|RCV000680345|RCV002492496|RCV005359209,
NF1,17,31182670,G,A,Benign/Likely_benign,"criteria provided, multiple submitters, no conflicts",141338,RCV000129823|RCV000459107|RCV002371976|RCV001420819|RCV001553065,
NF1,17,31226657,G,T,Likely_benign,"criteria provided, multiple submitters, no conflicts",141637,RCV000130233|RCV000533490|RCV001567731|RCV004551253|RCV002426694|RCV002298479,
NF1,17,31226455,C,T,Benign/Likely_benign,"criteria provided, multiple submitters, no conflicts",141819,RCV000130488|RCV000218285|RCV000680333|RCV001081129|RCV003315893|RCV002483263,
